10010	FAIL	Cookie no HttpOnly flag
10011	WARN	Cookie without Secure flag (plain http in CI; production cookies are __Host-/__Secure-)
10054	FAIL	Cookie without SameSite attribute
10020	FAIL	Missing anti-clickjacking header
10021	FAIL	X-Content-Type-Options header missing
10038	FAIL	Content Security Policy header not set
10037	FAIL	Server leaks information via X-Powered-By
10036	WARN	Server leaks version information via Server header
10035	IGNORE	Strict-Transport-Security not set (CI is plain http; nginx and Cloudflare add HSTS)
10098	WARN	Cross-domain misconfiguration
10055	WARN	CSP: unsafe-inline (accepted, INPUT-VALIDATION-AUDIT.md A3)
10096	IGNORE	Timestamp disclosure (Unix timestamps in listing data are intentional)
10027	IGNORE	Information disclosure - suspicious comments (minified framework code)
10109	IGNORE	Modern web application (informational)
